username,email
Ms. Fancy Pants,fancy@pants.com
Luigi,luigi@luigi.com
Eleanor,ele@nor.com
Sushi Girl,sushi@girl.com
Spammy Pam,spam@pam.com
Rororo,ro@ro.com
Felix the Cat,felix@cat.com
LuxDucks,lux@ducks.com
CornFlakes,corn@flakes.com
SolidGoldCheese,solid@cheese.com
blablabla,blablabla@gmail.com
coolbeans,coolio@someemail.com
whatup,whhuuut@yo.com
fosho,yoyoyo@me.com
some_person,someperson@gdail.com
